<?xml version="1.0" encoding="UTF-8"?>
<Configuration status="WARN" monitorInterval="30">
    <Properties>
        <Property name="PID">????</Property>
        <Property name="CONSOLE_LOG_PATTERN">>%d{yyyy-MM-dd HH:mm:ss.SSS} %-5p [%c{1.}] [%t]: %m%n</Property>
        <Property name="LOG_PATTERN"></Property>
        <Property name="LOG_DIR">${sys:logPath}</Property>
        <property name="LOG_NAME">${sys:appName}</property>
    </Properties>
    <Appenders>
        <Console name="Console" target="SYSTEM_OUT" follow="true">
            <PatternLayout pattern="${CONSOLE_LOG_PATTERN}"/>
        </Console>
        <RollingFile name="rollingFile" fileName="${LOG_DIR}/${LOG_NAME}.log" filePattern="${LOG_DIR}/${LOG_NAME}.%d{dd-MMM-yyyy-HH-mm}.%i.log.zip"  ignoreExceptions="false">
        	<PatternLayout><Pattern>%d{yyyy-MM-dd HH:mm:ss.SSS} %-5p [%c{1.}] [%t]: %m%n</Pattern></PatternLayout>
        	<Policies>
        		<OnStartupTriggeringPolicy />
        		<SizeBasedTriggeringPolicy size="10 MB" />
        		<TimeBasedTriggeringPolicy />
        	</Policies>
        	<DefaultRolloverStrategy>
                <Delete basePath="${LOG_DIR}" maxDepth="1">
                    <IfFileName glob="${LOG_NAME}.*.log.zip" />
                    <IfLastModified age="PT5M" />
                </Delete>
            </DefaultRolloverStrategy>
        </RollingFile>
    </Appenders>
    <Loggers>
        <Logger name="com.bayvois.cctech.scs.patching" level="debug"  additivity="false">
            <AppenderRef ref="Console" />
            <AppenderRef ref="rollingFile" />
        </Logger>
       <Root level="debug">
            <AppenderRef ref="Console"/>
            <AppenderRef ref="rollingFile" />
        </Root>
    </Loggers>
</Configuration>